['welborn.laura@gmail.com'],['welborn.laura@gmail.com']
['dawnwilli@gmail.com'],['dawnwilli@gmail.com']
['anjahamer@gmx.de'],['anjahamer@gmx.de']
['simoneseliger@gmail.com'],['simoneseliger@gmail.com']
['rhzamm@yahoo.com'],['rhzamm@yahoo.com']
['aaronlee1994@yahoo.com'],['aaronlee1994@yahoo.com']
['michellejanitski@yahoo.com'],['michellejanitski@yahoo.com']
['annabelpayne1@gmail.com'],['annabelpayne1@gmail.com']
['dtingle@pennlaw.upenn.edu'],['dtingle@pennlaw.upenn.edu']
